<?xml version="1.0" encoding="UTF-8" ?>
<!DOCTYPE mapper PUBLIC "-//mybatis.org//DTD Mapper 3.0//EN"
  "http://mybatis.org/dtd/mybatis-3-mapper.dtd">

<mapper namespace="member">
<!-- 
	<select id="getSomething" parameterType="int" resultType="#package.#modelname">
		SELECT
		columnname1,
		columnname2,
		columnname3
		FROM tablename1
		WHERE columnname1 = #{value}
	</select> -->

	<resultMap type="memberDto" id="map">
		<result property="id" column="id" />
		<result property="pw" column="pw" />
		<result property="name" column="name" />
		<result property="tell" column="tell" />
	</resultMap>

	<select id="memberAll" resultMap="map">
		SELECT * FROM member
	</select>
<!-- 
	<insert id="insertSomething" parameterType="#modelname">
		INSERT INTO tablename1 (columnname1, columnname2, columnname3)
		VALUES(#{value1},#{value2},#{value3})
	</insert>

	<update id="updateSomething" parameterType="#modelname">
		UPDATE tablename1
		SET
		columnname1=#{param1}
		WHERE
		columnname2 = #{param2}
	</update>

	<delete id="deleteSomething" parameterType="int">
		DELETE FROM tablename1 WHERE
		columnname1 = #{param1}
	</delete> -->

</mapper>
