<?xml version="1.0" encoding="UTF-8" ?>
<!DOCTYPE mapper PUBLIC "-//mybatis.org//DTD Mapper 3.0//EN"
  "http://mybatis.org/dtd/mybatis-3-mapper.dtd">

<mapper namespace="member">
<!-- 
	<select id="getSomething" parameterType="int" resultType="#package.#modelname">
		SELECT
		columnname1,
		columnname2,
		columnname3
		FROM tablename1
		WHERE columnname1 = #{value}
	</select> -->

	<resultMap type="memberDto" id="map1">
		<result property="id" column="id" />
		<result property="pw" column="pw" />
		<result property="name" column="name" />
		<result property="tell" column="tell" />
	</resultMap>
<!-- ORM -->
	<select id="select" parameterType="memberDto" resultMap="map1">
		SELECT * FROM member where id#{id}
		<!-- #는 sql문을 준비하고 있다가 값이 들어오면 그때서야 sql실행할 수 있게 변환시킨다. 
			속도도 빠르다. 미리 컴파일 한다는 거 같음. -->
	</select>

	<insert id="insert" parameterType="memberDto">
		INSERT INTO member VALUES(#{id}, #{pw}, #{name}, #{tell})
	</insert>
<!-- 
	<update id="updateSomething" parameterType="#modelname">
		UPDATE tablename1
		SET
		columnname1=#{param1}
		WHERE
		columnname2 = #{param2}
	</update>

	<delete id="deleteSomething" parameterType="int">
		DELETE FROM tablename1 WHERE
		columnname1 = #{param1}
	</delete> -->

</mapper>
